CDR3,GD_MelA-_TCRb_t01,GD_MelA+_TCRb_t01,GD_MelA+_TCRb_t02
CASSLLGLGTEAFF,0,30222,917
CASSLPLGYGYTF,0,19168,2455
CAWSVQGVGYGYTF,0,0,10
CASRHSSYEQYF,0,0,1
CASSVFGTASYEQYF,0,0,156
CASTPTGTESYEQYF,0,0,663
CASSFGVLTDTQYF,0,0,22
CASSPGQGFEQFF,0,0,6169
CASGQAGTVSYEQYF,0,0,2
CASSLDGSYEQYF,0,0,310
CASSLTGLQFF,0,0,2
CASSDGLDSHGYTF,0,0,5764
CASALAGGLYSYSEQFF,0,0,9
CAVGDGGFKTIF,0,0,45
CASSLAPLAVTDTQYF,0,0,1206
CASSLYGTSSYEQYF,0,0,36
CASSFGPLSDTQYF,0,0,33
CASSPPGPDAYSEQFF,0,0,4
CASSAGVLTDTQYF,0,0,940
CASSQQGLGNTIYF,0,0,13364
CASTMTGTDSYEQYF,0,0,861
CASSEAGIGQPQHF,0,0,32
CASSATGSLSYEQYF,0,0,185
CASSEGLGGEQFF,7626,0,0
CASSSYGTSSYEQYF,0,0,27
CASGPAGLLGTDTRYF,0,0,1
CASSSLGQSYEQYF,7,0,0
CASTPGGLLRGEQYF,0,0,4694
CTSSRGPLADEQFF,0,0,4
CASGPQAGAQSQHF,0,0,1
CAVQGTYKYIF,0,0,94
CASSLFVGLAEAPKYEQYF,0,0,666
CASSPTGAASYEQYF,0,0,5
CASSKDSGSYNEQFF,0,0,94
CAFDSGNTPLVF,0,0,549
CSATLDSYGYTF,0,0,1808
CASSATGLGQPQHF,0,0,127
CASALAGDLHSYNEQFF,0,0,1
CASSYTGTFSYEQYF,0,0,218
CASSLTEQLFF,0,0,1
CAWSVQGLGYGYTF,0,0,15492
CASSFQGGGQPQHF,0,0,478
CASSDGLDSHGHTF,0,0,2
CATSRRPGDTQYF,0,0,247
CASSAGMGQPQHF,0,0,16
CATSIEGINYEQYF,0,0,71
CASSYSWGLNYGYTF,0,0,70
CASALAGGLHSYSEQFF,0,0,6
CSARVGQGTHYEQYF,0,0,2238
CTSRPQAGAQPQHF,0,0,1
CASSSGTGGGYTF,0,0,214
CASSRAASPFTDTQYF,0,0,242
CASSPEQGLGQPQHF,0,0,4551
CASSLGGGLGYGYTF,0,0,155
CASSGGLDGHGYTF,0,0,2
CATSRGPGDTQYF,0,0,882
CASSLGPLTDTQYF,0,0,112
CASSTPGQGQPQHF,0,0,2388
CADSLLGLGTEAFF,0,1,0
CAVFRSGNTPLVF,0,0,1
CASTLTGTESYEQYF,0,0,76
CASSPPDRSYEQYF,0,0,421
CASSFLGLGTEAFF,0,0,157
CASSPHSGTSVEQYF,0,0,13
CASSVSSLVYEQYF,0,523,0
CASSVETELMNTEAFF,0,396,0
CASSYLGTASYEQYF,0,0,193
CASSSAMGTDAQYF,0,0,1
CASSNTGVGYTF,0,0,3589
CASSQDLIGGSYEQYF,0,0,92
CASSLAGLGQPQHF,0,0,1174
CASSFPGSSNEQFF,0,0,1367
CTSSVGSLSADTQYF,0,0,2
CSARVGRETHYEQYF,0,0,4
CASGPTGTASYEQYF,0,0,1
CASSSGLGAEQFF,0,0,1
CASSQQGLENTIYF,0,0,1
CASSLAEVGSLLHF,0,0,1
CSVSPGQGFGYTF,0,0,96
CASSDAGGAWQETQYF,0,0,160
CASSIGSLSADTQYF,0,0,235
CASSLGSGWGYTF,0,0,8
CASSPSGTPSYEQYF,0,0,60
CASYHSSYEQYF,0,0,4206
CARSLAFRTQAFF,0,0,2616
CASSDETGAWYEQYF,0,0,61
CASSSSLGTEQFF,0,0,1
CASSPTTSLETQYF,0,0,17
CASSSYRDTDTQYF,0,0,4284
CASGVEQFF,0,0,53
CASRDQPGLAVYNEQFF,0,0,3936
CASSFLGLGQPQHF,0,0,259
CAWSVQEVGYGYTF,0,0,20
CASSPGKGQPQHF,0,0,145
CASSQAGTVSYEQYF,0,0,1382
CASRLQGLGQPQHF,0,0,47
CASSLAGVGSPLHF,0,0,4308
CASSLPRSYGYTF,0,2,0
CASHHGSYEQYF,0,0,13
CASSFQGLGTEAFF,0,0,3202
CAELRSGSTPLVF,0,0,2
CASTTGTLLGDTQYF,0,0,3
CSVDTRGNYGYTF,0,0,2913
CASSRRGLGNTIYF,0,0,21
CASSYGQGADTQYF,0,0,1228
CASSPTSGRLSYNEQFF,0,0,6
CAVNSASKIIF,0,1135,0
CASCLDSSYGYTF,0,0,1
CASSTWGMVYSGEQYF,0,0,1
CASSLGSGNEQFF,0,0,1292
CAVDTGGFKTIF,0,0,59
CSVVSGTDYNEQFF,0,0,14
CAVPVSGNTPLVF,0,0,39
CASSYGGLGQPQHF,0,0,171
CSVDGGRGLNEQFF,0,0,2052
CASSLAEQQFF,0,0,1
CASSFRDSLGQPQHF,0,0,1472
CASSLGWSQPQHF,0,0,449
CASALAGGLHSYNEQLF,0,0,1
CASSIWGMAYSGEQYF,0,0,8439
CSVDTRGSYGHTF,0,0,2
CASSIWGVVYSGEQYF,0,0,1
CASSFYGTSSYEQYF,0,0,1521
CAVLRSGNTPLVF,0,0,679
CANTEAFF,3,0,0
CAGTLGGLLRGEQYF,0,0,2
CASSSGTEGGYTF,0,0,724
CASTSSGTSSYEQYF,0,0,53
CASSYRLAGEQYF,0,0,20
CASGPGMGQPQHF,0,0,2301
CASSFEAGTFYEQYF,0,0,873
CASTLTGLGQPQHF,0,0,15
CASSLQGLGTEAFF,0,0,4094
CASYHSSYEQHF,0,0,1
CASTPGQGGGYTF,0,0,2652
CSALRYF,0,0,42
CASGLAQYF,0,0,26
CASSQGPLADEQFF,0,0,1804
CASSLGGGWGYTF,0,0,41
CASALAGGLHSYNEQFF,0,0,8199
CASSLPLGYGNTF,0,5,0
CASSLPLGYGYAF,0,1,0
CASSFLSGTDTQYF,0,0,12
CASSFGTTYEQYF,0,0,48
CAGSLPLGYGYAF,0,3,0
CASSHGGVGQPQHF,0,0,2155
CASSLGSMVGETQYF,0,0,1
CASKFTGTASYEQYF,0,0,44
CASRLAESSYNEQFF,0,0,382
CASALAGGLYSYNEQYF,0,0,5
CASSTLGLGQPQHF,0,0,1
CASSSGTGDGYTF,0,0,599
CASIPTGTESYEQYF,0,0,3975
CASSPTGTASYEQYF,0,0,3648
CASSDRPLNPSSDTQYF,1200,0,0
CASSLGLGNEQFF,0,0,1929
CSARVGRRTHYEQYF,0,0,87
CASSPLGSPSYEQYF,0,0,40
CASSFLGTLSYEQYF,0,0,4227
CASSSAMGANTQYF,0,0,1
CASSFQGLNYGYTF,0,0,243
CAGSPLGLGQPQHF,0,0,2
CASSLPLDYGYTF,0,0,1
CASSLDSSYGYTF,0,0,69
CASSDAGGAWRETQYF,0,0,349
CASSYEASGGACEQYF,0,0,1
CASSPLGLGQPQHF,0,0,844
CSARVGRGTHYEQYF,0,0,3
CASALAGGLYSYDEQFF,0,0,3
CASSSAMGTDTQYF,0,0,3197
CASSLGAVLGDTQYF,0,0,44
CASSTPGQGHAQHF,0,0,1
CASSHQASGNEQFF,0,0,42
CASSDGLNTEAFF,0,0,369
CASSVETEETQYF,0,0,14
CASKLPGLSSYNEQFF,0,0,426
CASSLSFTLAGDTYNEQFF,0,0,87
CASSPAGLLGTDTQYF,0,0,3931
CAWSVSGLGYGYTF,0,0,34
CASSEATASANEQFF,0,0,1073
CASSDGLDSYGYTF,0,0,2
CASSSGLGTEQFF,0,0,6164
CASSQETSVNYEQYF,0,0,221
CASSQQGLGNTIHF,0,0,6
CALRGMNRDDEIIF,0,0,145
CASSFLRENEQFF,0,0,7
CASSHQGLGNTIYF,0,0,14
CASSLVVAGSWADTQYF,0,0,1427
CALGEAGNTPLVF,0,0,217
CASSLSFTMGQPQHF,0,0,264
CASSEAEVGQPQHF,0,0,124
CASSDETGSWYEQYF,0,0,31
CASSLEQGAAYEQYF,0,0,3717
CASTHTGTESYEQYF,0,0,153
CASRDPGLDGEGNTIYF,0,0,162
CASSSGLGTGQFF,0,0,1
CASALAGGLYSYNEQFF,0,0,1
CASSLLGTSSYEQYF,0,0,232
CASSFVGSSSYEQYF,0,0,50
CASSLGFMARETRYF,0,0,2
CASRPQAGAQPQHF,0,0,11403
CRAGSTGFVLGLQAVSTDTQYF,0,0,61
CASSDETGGWYEQYF,0,0,87
CASSEGLEGGQFF,8,0,0
CASSLTRLAGAVNEQFF,0,0,49
CASTPGDLLRGERYF,0,0,4
CAGSLLGLGTEAFF,0,4,0
CASSFQGLGNTIYF,0,0,8003
CASSPPGLDAYNEQFF,0,0,2431
CASSEAEYGYTF,0,0,2325
CATSREPGDTQYF,0,0,392
CASSLGFMVRETQYF,0,0,7317
CASSLTEQQFF,0,0,4351
CATSLQGLGQPQHF,35403,0,0
CASSPTGTASYERYF,0,0,2
CASSPAGLLGTGTQYF,0,0,1
CASSLDDLGSYGYTF,0,0,183
CASSLTGTASYGQYF,0,0,1
CASSFLGILSHEQYF,0,0,3
CASSFLGRGDEQFF,0,0,4037
CASSLLGLGQPQHF,0,0,55
CACSLGFMVREIQYF,0,0,1
CASSSGTGSGYTF,0,0,764
CASSQAGTVTYEQYF,0,0,1