CDR3,P03_MelA-_TCRb_t01,P03_MelA+_TCRb_t01,P03_MelA+_TCRb_t02
CAVNGDDKIIF,0,1435,901
CASSPTGNADTQYF,35112,187,0
CSARVGTQPQHF,108,3950,0
CASGTAALGDTQYF,92,0,0
CSVRPSGGDGRGYTF,8,0,0
CASSAGTRTQETQYF,1447,0,0
CASSFRWSSYNEQFF,16,0,0
CASSQDSENQPQHF,2,0,0
CARNSGNTPLVF,0,0,446
CAVQSPSGPARQLTF,0,0,1
CASNLDQGQPQHF,0,0,2
CALDGDF,1,0,0
CASSSAGQVNIQYF,0,0,36
CASSFGVLTDTQYF,0,0,75
CAVRDENYGGSQGNLIF,0,0,299
CASSRHSQGNYQPQHF,6,0,0
CASSETGSPQPQHF,0,0,213
CSASEGTGETQYF,0,0,18
CSVESNNYDYTF,1,0,0
CTSVEQYF,0,0,2
CASNGQGVSPLHF,2,0,0
CASSPDNSYNEQFF,18,0,0
CASSMTGYEQYF,426,0,0
CASSESTSGSFYNEQFF,691,0,0
CASSEVGPNTEAFF,1683,0,0
CASRRGLHYEQYF,250,0,0
CAVSDLTQGGSEKLVF,12,0,0
CASSLRGVGDRSPLHF,29,0,0
CSVEPNRAYSYNEQFF,185,0,0
CASSPGPSSYEQYF,3404,0,0
CAVSGSQGNLIF,0,0,311
CASSLSHSYEQYF,10,0,0
CASSQLAGGPNEQYF,83,0,0
CSARDGLGTEAFF,0,0,7
CASSSDGISYEQYF,84,0,0
CASSSRQDTSTDTQYF,0,0,45
CASSPASGWDTEAFF,0,0,25
CASGRYEQYF,1,0,0
CASIGPSGIGETQYF,109,0,0
CTSSDRDGYGYTF,2,0,0
CASSYSTSGGAEQFF,0,0,18
CAISELGREIFVYEQYF,7557,0,0
CAVSARPYNTDKLIF,21,0,0
CAGSPHSGTSVEQYF,0,0,1
CAGAEGSQGNLIF,4482,0,0
CASSLGYRDLGTEAFF,40,0,0
CASSLAPTREAFF,34,0,0
CASSHPGDRRREQYF,189,0,0
CASSPGWKGTYEQYF,0,0,9
CASSYGDQETQYF,36,0,0
CSAREGVGQPQHF,0,0,255
CAARISNF,0,0,81
CASSLAFGNEQFF,4947,0,0
CAGSYTGYDEQYF,906,0,0
CAVLSGNTGRLIF,1,0,0
CASSFLGTASYEQYF,0,253,0
CAVQSHGGSQGNLIF,88,0,0
CASGRTSVETQYF,65,0,0
CASSLWTSSYNEQFF,1029,0,0
CASTIQEAGETQYF,1,0,0
CASSITGRVYNEQFF,1,0,0
CASSHPGDRGREQYF,382,0,0
CASSQHWRTGTPEQYF,54,0,0
CAVGNF,318,0,0
CASSPWKSHQPQHF,1361,0,0
CASSQDRAAQYF,66,0,0
CASKVQEPRNEQFF,0,248,0
CASNGDERTGSFMNTEAFF,0,0,87
CASSRTVNTEAFF,59,0,0
CAGRGYGGSQGNLIF,2,0,0
CASSELGTTGTEAFF,1,0,0
CASSSTSGPFTDTQYF,0,0,92
CASSTPIGEQYF,1,0,0
CASSSPDSGSQETQYF,1635,0,0
CASSFVGQDYEQYF,6,0,0
CASSLGGRGPLDNEQFF,26,0,0
CALGELDNYGQNFVF,0,0,9
CASSYTSGFTDTQYF,12,0,0
CASSATGTGNTDTQYF,28,0,0
CASSPRSVAAFF,107,0,0
CAWSLQGLCYGYTF,0,0,1
CATIYNSGNTPLVF,1,0,0
CASSFPDIPSRGTQYF,1,0,0
CASSIISYPPRDGYTF,0,0,12
CASSGTALGNTEAFF,17,0,0
CASSSDKTLEAFF,102,0,0
CSVEVIIYREVATDTQYF,0,0,30
CASSTEVTPGSYNEQFF,85,0,0
CASSEDPGQFYEQYF,0,0,1664
CASREGRIRNEQFF,0,0,6
CASRAGLSYGYTF,182,0,0
CASSQKTGNGYTF,0,0,6
CACSPTGNTDTQYF,1,0,0
CASSPELRASPLHF,1256,0,0
CASSGASTDTQYF,33,0,0
CASSEGRLAGGVTQYF,50,0,0
CAGSGGSQGNLIF,44,0,0
CAESIDFNKFYF,7,0,0
CASSREGDPEGEQYF,64,0,0
CSATSFGTSGSYEQFF,32,0,0
CASSTSIGEQYF,4171,0,0
CASSPYSGTSVEQYF,0,0,1
CASSFPGQETGANVLTF,0,0,33
CASKWGQLSNQPQHF,0,0,59
CATSRDSVDTQYF,128,0,0
CASSTHSGTGVEQYF,0,0,17
CASSLIQGGIDYGYTF,0,0,33
CASSLVLGSEQYF,15,0,0
CASSPSLEQFF,3649,0,0
CASNPIPDSPLHF,216,0,0
CAVKGDGKIIF,0,0,1
CAGSLSPIFGDGYTF,0,0,1
CASGPDGRSTEQYF,59,0,0
CSAGRDRVGRTEAFF,288,0,0
CASGWDGDRGYTF,0,0,35
CASSYLTALEFRSPLHF,9,0,0
CSASGHSSRYEQYF,73,0,0
CASSPVGGPFEQFF,10,0,0
CASSILAGFDNEQFF,113,0,0
CASSLKQGRDEQYF,19,0,0
CASKRSSRPGTINTEAFF,48,0,0
CASSSEGGRDYEQYF,60,0,0
CSAQGSLSYEQYF,412,0,0
CAVNRNYGGSQGNLIF,0,0,148
CASSPADKTYEQYF,37,0,0
CASSPLARGYNEQFF,7,0,0
CASSPWTSVSYEQYF,2,0,0
CASSLWTSGAISDTQYF,171,0,0
CAGSPYSGTSVEQYF,0,0,2
CASSTASGSYNEQFF,4,0,0
CASSPTGNADTLYF,1,0,0
CAVKGDDKIIF,0,0,1673
CASSPGTTNSPLHF,22,0,0
CASSPRGDSYEQYF,0,0,42
CASSPRSGTSVEQYF,0,0,2
CALSEAVNRDDKIIF,28,0,0
CALSGLNYGGSQGNLIF,68,0,0
CASGTEDTPSSYNEQFF,4,0,0
CANSLGSSYEQYF,1,0,0
CASSPHSGTSVEQYF,0,0,41035
CASSFRVSPNTEAFF,30,0,0
CASSLPDNYGYTF,4416,0,0
CSATPLVREVISYEQYF,3061,0,0
CASSPHSGTSVERHF,0,0,1
CSGREQSNEQFF,60,0,0
CASSYRGTYEQYF,6361,0,0
CASSVARVNTEAFF,2717,0,0
CASRPLGQPNEQFF,0,0,1213
CASSSRSGTSVEQYF,0,0,2
CASRDAEPYEQYF,12,0,0
CASSLVLGWNYGYTF,931,0,0
CASGINTEAFF,0,0,10
CASSPHSGTGVEQYF,0,0,1
CAWSGLAGVEALQQYF,1,0,0
CAVIPSNTGKLIF,86,0,0
CASRGVYPSTDTQYF,17,0,0
CASSTGLATDTQYF,6,0,0
CAANGDDEIIF,0,0,1
CASSLVFVRANVLTF,72,0,0
CAYYGGSQGNLIF,0,0,16
CASSQDGDYSNQPQHF,87,0,0
CASSEDPGQFYERYF,0,0,1
CASSLGGPYEQYF,0,0,28
CASGWYEWYF,1,0,0
CASSPGPSSYGQYF,5,0,0
CASSPGVAGTYNEQFF,1263,0,0
CSVVHNRETETQYF,39,0,0
CASSTGPVYEQYF,30,0,0
CAWSLQGLGYGYTF,0,0,1453
CASSLAVFGGRDEQYF,18,0,0
CAADSGTYKYIF,259,0,0
CAISELGREIFIYEQYF,4,0,0
CAVLRDDKIIF,0,0,1688
CASSLEGTESYEQYF,26,0,0
CASSLLMNTEAFF,0,0,1
CASSPTDSNQPQHF,70,0,0
CALNSGNTPLVF,430,0,0
CASSGLAMSTDTQYF,34,0,0
CAMRDSHF,26,0,0
CASSFRQGDQPQHF,10,0,0
CASSYSDRGREDYGYTF,379,0,0
CASSTLSGTGFYNEQFF,53,0,0
CASSHGQVSTDTQYF,38,0,0
CASSPGTANTEAFF,57,0,0
CASSLDFRGRETQYF,1,0,0
CASSTEDTPSSYNERFF,1,0,0
CASSITGDHQPQHF,19,0,0
CASGTAPYEQYF,0,0,2
CASSLGEAEAFSYEQYF,0,0,58
CASSPRSTDTQYF,3097,0,0
CSARSRWMEETQYF,21,0,0
CASSQVERTYEQYF,0,0,45
CAVLLNTDKLIF,0,0,2
CASSIPGVLNYGYTF,0,0,155
CASSPRDSENTIYF,9,0,0
CASSTTGAVSYNEQFF,38,0,0
CASSIGNEQYF,0,0,67
CASTLSTDTQYF,13,0,0
CASSRAGSSYNSPLHF,1,0,0
CASSLGARGYNEQFF,15721,0,0
CASSPWGSRTHNEQFF,580,0,0
CAVDLNQAGTALIF,0,0,2
CASSLKVGREGQGSNYGYTF,0,0,76
CASSTRQGLYNEQFF,0,0,65
CASSPPGLGAGYEQYF,0,0,466
CASSLEGASGYEQYF,145,0,0
CASSLAHGYEQYF,18,0,0
CAVNGDDKVIF,0,0,2
CASSQAGLFYNEQFF,0,0,117
CAYTLISNF,2356,0,0
CTSSPTGNADTQYF,2,0,0
CASSSHMASTDTQYF,0,322,0
CAPRRYDTPLVF,59,0,0
CASSPTGNTDTQYF,2,0,0
CASSQGTSGIAEQFF,72,0,0
CASSPGVLVADTQYF,0,0,385
CASGPHSGTSVEQYF,0,0,1
CAVLNQAGTALIF,22,0,0
CATSVPQGNEQFF,66,0,0
CASSLTDNEAFF,33,0,0
CAAGAYQLTF,14,0,0
CACSEDPGQFYERYF,0,0,1
CASSPNSGADEQFF,4,0,0
CASSWGRGHPGNTIYF,0,0,29
CSARGEGYEQYF,2,0,0
CASSSSGYEQYF,5,0,0
CAALNYGGSQGNLIF,0,287,0
CASTTGFNEQFF,75,0,0
CASNTENTPSSYNEQFF,1,0,0
CASSSSSQETQYF,19,0,0
CSARVGTYEQYF,0,0,112
CAVRPNYGGSQGNLIF,98,0,0
CASSFGGYEQYF,0,0,284
CASRISTVFDYGYTF,0,0,17
CASSQDILAGSYLQETQYF,0,0,11
CASSASIGEQHF,2,0,0
CSVDKRTGYF,159,0,0
CASSLSPIF,0,0,1
CASSGLEVTYEQYF,0,0,63
CAPVSNF,1928,0,0
CASSQAGVGTEAFF,0,0,97
CASMLAALSSYNEQFF,0,0,401
CASSEGGFYGYTF,39,0,0
CASSIGPAYEQYF,109,0,0
CASSSEDFSYEQYF,8,0,0
CASSPGLSSYVQYF,2,0,0
CASSPTGNADMQYF,1,0,0
CAVNWVSGNTPLVF,0,0,6
CASSREGPGQYTDTQYF,58,0,0
CASSEAILQETQYF,0,0,137
CSVEDRVVLDYGYTF,10,0,0
CASSHRQLAYEQYF,33,0,0
CASSGVGTKLHEQFF,0,0,8
CASSGTSGRINNEQFF,28,0,0
CASSFLTHTEAFF,0,0,119
CASSSTGDPDTQYF,66,0,0
CASSLEGGEENTIYF,1084,0,0
CAMRDVNQAGTVLIF,1,0,0
CASSFPDGTDTQYF,13,0,0
CASGWYEQYF,37720,0,0
CASSLSPIFGDGYAF,0,0,1
CASTSGTPHSPLHF,77,0,0
CAFLYGGSQGNLIF,534,0,0
CAVSGGSQGNLIF,0,15444,0
CASSHPRDSNSPLHF,73,0,0
CASSLEGASIYEQYF,0,0,51
CASGPSGTGDGYTF,460,0,0
CASSYGGEQFF,0,0,80
CASSIEASDYEQYF,9,0,0
CASSYSMGGTEAFF,153,0,0
CASSAWVGSNQPQHF,0,0,30
CASSLTSTDTQYF,1,0,0
CASSFLGDRGYEQYF,677,0,0
CASSFTTGFSKETQYF,33,0,0
CASSREGDPRGEQYF,51,0,0
CASSLVGSEAFF,0,0,60
CASRSHSGTSVEQYF,0,0,154
CAGSQVGQAATLHF,0,0,2
CASSLGQGNSPLHF,40,0,0
CAFMKPAGQLTF,7,0,0
CASRGLEETQYF,48,0,0
CASSLGSSYEQYF,262,0,0
CAVKSTGSYQLTF,81,0,0
CASSPHSGTSVERYF,0,0,3
CAAYCHNYGGSQGNLIF,0,0,86
CASSPHSGTSAEQYF,0,0,1
CASSLSPVNNQPQHF,60,0,0
CASSYGSSYEQYF,8,0,0
CSASAGSSYEQYF,83,0,0
CASSSGPGTNSYEQYF,0,0,12
CALDMNRDDKIIF,17,0,0
CASSVEGQGYGYTF,50,0,0
CASSSTGARGYTF,35,0,0
CASNPHSGTSVEQYF,0,0,1
CASSLAFGNGQLF,9,0,0
CASSPPTGRSYKQYF,1,0,0
CASRQGYEQYF,14,0,0
CASSSPNLPYEQYF,398,0,0
CASSFNAEQFF,15,0,0
CASSSSESTEAFF,0,0,60
CAMRDVNQAGTALIF,1224,0,0
CANSPRSGTSVEQYF,0,0,1
CASSQEGLAGHEQYF,0,0,86
CASSQVGPMNTEAFF,0,0,56
CASSLGQASPYTEAFF,12,0,0
CASSFTRLAGGTDTQYF,3,0,0
CATSRETSGSDEQFF,276,0,0
CASSSTGYQETQYF,0,0,74
CALSEAEGGSQGNLIF,0,0,15
CAVEDRDDKIIF,345,0,0
CASSPDGFNQPQHF,23,0,0
CASSFLEASGQFF,0,0,4
CASSFGRWTEAFF,16,0,0
CASSLWAGSQETQYF,0,0,2
CSGYDGTDTQYF,67,0,0
CAGQGPDSPTYGGSQGNLIF,213,0,0
CASSPGHHSNQPQHF,49,0,0
CASSWSNYGYTF,1136,0,0
CARGWYEQYF,6,0,0
CASSSEGDKAVEQYF,510,0,0
CAASMNYGGSQGNLIF,71,0,0
CASSTEDTPSFDNEQFF,4,0,0
CAESNQAGTALIF,12,0,0
CASSLPDNYGCAF,1,0,0
CASSGPPGKLAGGSTDTQYF,122,0,0
CASSRSTPGVDEQYF,259,0,0
CASSLQDNYEQYF,8,0,0
CASSSSGRYNEQFF,114,0,0
CASSQYGQNTEAFF,214,0,0
CASSTGVNSQPQHF,2,0,0
CASRRGTEAFF,0,0,12
CASSERGRVYEQYF,0,0,12
CASSLSGQDGETQYF,100,0,0
CASSYMKGGEQFF,0,0,35
CASRGPRPNGSPHEQYF,38,0,0
CASSFPLTLSNQPQHF,44,0,0
CAVQSTGGFKTIF,14,0,0
CATGDRENTEAFF,53,0,0
CAAAIDF,0,0,1
CSANHKLALVYEQYF,41,0,0
CASSQEEDDYEQYF,1,0,0
CASSTGQAYEQYF,28,0,0
CASSLGNSYEQYF,1140,0,0
CAPKEGSQGNLIF,0,0,101
CAISESTDTLRSEQFF,30,0,0
CAGGWYEQFF,1,0,0
CASSQSGLQPQHF,35,0,0
CAMSESNF,0,0,246
CAIRGQDDYGYTF,33,0,0
CASSLSFMNTEAFF,0,0,298
CASSSGFSYNEQFF,52,0,0
CAISQFAGTPSIEQFF,0,0,28
CASSLSPIFGDGYTF,0,0,3230
CASSEGFYNEQFF,0,0,635
CASNTGKLIF,937,0,0
CAGRGGSYQLTF,20,0,0
CASSLYRTGSYYGYTF,0,0,4
CAVGNTPLVF,0,0,140
CAISEVGVGTEAFF,14,0,0
CASSLGQTLNTEAFF,23,0,0
CASTTWTGLSSYEQYF,31,0,0
CAEALDDKIIF,0,1,0
CASSLWRGDLDYEQYF,18,0,0
CASSPYSETSVEQYF,0,0,1
CASSLRQLAYEQYF,21,0,0
CAGARKIPALPVNSPLGLEQDF,0,0,6
CAGSLHSGTSVEQYF,0,0,1
CAVNTGNTPLVF,0,68,0
CAGARDDKIIF,35,0,0
CASSPGDTNTEAFF,235,0,0
CASSGSAGGTDTQYF,59,0,0
CASSSGLLNYGYTF,67,0,0
CSVDWRGDFGSFF,0,0,23
CASSPFPDRGETEAFF,0,0,94
CAYTQGGSEKLVF,85,0,0
CASSVEGLISETQYF,247,0,0
CASNPGQGQPQHF,0,0,4979
CAVSFTSGTYKYIF,140,0,0
CASSGLAGGDTQYF,5,0,0
CATFPSGTAYNEQFF,0,0,96
CASSRTGMDTEAFF,15,0,0
CASSPYPGNTAQETQYF,0,0,24
CAASAYSMGSQGNLIF,0,0,95
CAISEGQRGQPQHF,15,0,0
CASSQDSSYNEQFF,41,0,0
CASSLEAGVWVARGTNEQFF,1975,0,0
CASSYSSNGYEQYF,20,0,0
CASSYSDTEVQKGQLYGYTF,31,0,0
CAVERQGGSEKLVF,784,0,0
CAVCKAGTALIF,77,0,0
CASSYRQGEETQYF,19,0,0
CASSETDLNTEAFF,1557,0,0
CASSLRDRDDEQYF,18,0,0
CSVLQGPYEAFF,0,0,103
CASSTEDTPSSYNKQFF,1,0,0
CASSPALGATDTQYF,0,0,68
CAVGRQLTF,0,0,2
CATTPDDRIIF,1,0,0
CASRLGRGPGNQPQHF,0,0,292
CAVLSGNTGKLIF,40003,0,0
CASSFPNPGFADTQYF,0,0,630
CASSTQGLNTEAFF,50,0,0
CASSYVGAGTEAFF,0,0,26
CASSYGRGTEAFF,47,0,0
CASSPYSGTSAEQYF,0,0,1
CASGLSGDREQYF,0,0,9
CASSTEDAPSSYNEQFF,4,0,0
CASSTQGLIPHNEQFF,71,0,0
CAETYRDDKIIF,139,0,0
CASSSSSMNTEAFF,0,0,2
CASGPSGRVSYNEQFF,592,0,0
CALSELGSEIFVYEQYF,2,0,0
CAMSVTNF,0,0,465
CASSWTGDDYEQYF,41,0,0
CASSQDISGTSGTYEQYF,1,0,0
CASSSRAFGYTF,1313,0,0
CASSLAFGNEQYF,1,0,0
CASSHPGDREREQYF,81,0,0
CASSPGQQPTGETQYF,33,0,0
CAMRETNF,1332,0,0
CASSPSGLTDTQYF,12,0,0
CAIRDRGSNQPQHF,239,0,0
CAASKGGGFKTIF,13,0,0
CASSLLDNYDYTF,1,0,0
CSVESNNYGYTF,280,0,0
CSVGGRDRAGNTIYF,22,0,0
CAVRVDF,0,0,362
CASSVGEAFF,2,0,0
CASSQFAGTPSIEQFF,0,0,62
CASSTEDTPSSYNEPFF,6,0,0
CASSLGQGGQPQHF,24,0,0
CASSQAITSVGDQYF,0,0,4
CASGFPDISSRETQYF,1,0,0
CAFIFQGGSEKLVF,30,0,0
CASSPHSGTSVEHYF,0,0,2
CAVSGSNF,0,0,7
CASSFVDEQFF,1166,0,0
CATAPDDKIIF,95,0,0
CATRQSTNYGYTF,513,0,0
CAVRLANF,1,0,0
CASSHRLAGGPFHNEQFF,34,0,0
CAGVYSSASKIIF,98,0,0
CAPKEGSQGNLVF,0,0,116
CASSLITNTEAFF,0,0,18
CASSVGLVESEETQYF,541,0,0
CASSITGVGQPQHF,0,0,73
CASSPTENADTQYF,2,0,0
CASCSTGNADTQYF,1,0,0
CAHAVGRDPSWANVLTF,47,0,0
CASSLHVDLNTQYF,101,0,0
CAGSPGPSSYEQYF,2,0,0
CASSLHSGTSVEQYF,0,0,3
CASSSTGAHYEQYF,207,0,0
CSARDRNLGNTIYF,470,0,0
CASSRTGTSNYEQYF,0,0,62
CASSSLARGSYEQFF,338,0,0
CAVRDYGQNFVF,0,0,29
CSPAGDTGLYLCAGAEGSQGNLIF,4,0,0
CASSPAGTTSFEQYF,0,0,18
CATGQLNTEAFF,0,0,15
CASSSGTSGPYNEQFF,8,0,0
CAMSAVYSGAGSYQLTF,132,0,0
CASSYRVSYNEQFF,9,0,0
CASGRSFHYNEQFF,0,28,0
CAPTQGGSEKLVF,674,0,0
CASSHTVYGYTF,50,0,0
CATSRGLDEQYF,0,149,0
CASSFPDISSRETQYF,6492,0,0
CALTQGGSERLVF,1,0,0
CASRWGQLSNQPQHF,0,0,92
CASSLERAGEDF,21,0,0
CASSLVGSGSHEQYF,36,0,0
CAASALVDTGKLIF,4766,0,0
CAVNLNQAGTALIF,0,0,702
CAYRSAVDDKIIF,0,0,2
CASSWTGEGYEQYF,2,0,0
CASSLALVSYEQYF,12,0,0
CASGFTRLAGGTDTQYF,1,0,0
CAASPTEDKIIF,91,0,0
CALCANGGSQGNLIF,0,0,7
CASSYGRIYGYTF,19,0,0
CAVRDLDGGSQGNLIF,7,0,0
CAVIAGQAGTALIF,14,0,0
CASSYGAGNGYTF,0,0,12
CASSLWTSGSSTDTQYF,1061,0,0
CASSPGVLAADTQYF,0,0,1
CASSAEGTEPYEQYF,20,0,0
CASSTEDTPSSYNEQFF,15737,0,0
CASSPTGNMNTEAFF,1,0,0
CASSHSVLSGGETQYF,0,0,100
CASNSGNEQFF,1,0,0
CAVGVDYGQNFVF,0,0,6
CASSSTGNADTQYF,1,0,0
CASSPSGPWIGYTF,0,0,44
CASSPRQLAYEQYF,19,0,0
CASSATSAIQETQYF,24,0,0
CASEPPGQGYNEQFF,680,0,0
CASSEGPLTYEQYF,0,0,32
CAASLGDDKIIF,2,0,0
CAGSTEDTPSSYNERFF,2,0,0
CASSPVRGYGYTF,28,0,0
CASSSHSGTSVEQYF,0,0,2
CASTLQGGDTEAFF,0,0,174
CASSLEGSNQPQHF,5348,0,0
CASSTQGLIPHDEQFF,96,0,0
CAENSHTDKLIF,75,0,0
CAVENNF,2,0,0
CASRPDTGSGTEAFF,82,0,0
CASSPSGTGDGYTF,483,0,0
CAGAEGNQGNPIF,1,0,0
CASSSHWVISTDTQYF,0,0,246
CASGPHSRTSVEQYF,0,0,2
CAWSVGTAYNEQFF,43,0,0
CASSQAGNSADTQYF,718,0,0
CASSWDRQETQYF,45,0,0
CASSLVYVRANVLTF,30,0,0
CASSRAESSYNSPLHF,1801,0,0
CASSYSDTGVQKGQLYGYTF,48,0,0
CASSPGHPADTQYF,82,0,0
CASSLSRATEAFF,44,0,0
CAWSEIGVGQPQHF,0,0,3942
CASSLSPGSEQYF,29,0,0
CASSHRDRPYEQYF,13,0,0
CAANGGSQGNLIF,0,0,45
CASSLGTSGSYNEQFF,60,0,0
CSVEPPVSYEQYF,36,0,0
CAVNQAGTALIF,0,9,0
CASTSIRPVSFHGYTF,0,0,116
CAWSEMGVGQPQHF,0,0,2
CAESIDTDKLIF,1,0,0
CASSPGQRAMDQPQHF,16,0,0
CASSQDQASEQFF,2,0,0
CASSPDRNGYTF,601,0,0
CASSPYEDYGYTF,148,0,0
CASSYSDRRREDYGYTF,42,0,0
CASSILADNEQFF,24,0,0
CSVVGTDYEQYF,144,0,0
CASSGQGLNEQYF,32,0,0
CASSYSDREREDYGYTF,404,0,0
CSARDRYGYTF,31,0,0
CASSLGTSPEQFF,0,0,3
CASSSYQGLQETQYF,6,0,0
CASSFPDSSSKETQYF,2,0,0
CAVRDENYEGSQGNLIF,0,0,1
CSVTSTTGYTF,251,0,0
CASSLATDGGYTF,59,0,0
CASSPKVVAGAPDTQYF,15,0,0
CASSSNDRAYSNQPQHF,11,0,0
CASITIGYGYTF,1038,0,0
CASSTQPRGGSPLHF,37,0,0
CATSDTDSGNTIYF,38,0,0
CSAPLADGLDTQYF,0,0,138
CASSYSGRNQPQHF,59,0,0
CASSYSSTDTQYF,0,0,1
CALANRDDKIIF,26,0,0
CAVLSSNTGELIF,1,0,0